text,label,notes
"""Boruto gen's oufits not suitable for ninja"", yall: Naruto's BRIGHT orange jumpsuit has no stealth capabilities, Ino and Sai fought in open midriff, Tsunade and Mei were fighting Orochimaru, Madara and Black Zetsu in heels. Most Naruto part 1 & 2 outfits aren't good for ninja+ real fighting.",analysis,
"""Naruto fell off after Pain arc"" I'm not saying war arc is the best in all of Naruto, but to call it the worst is crazy when it had so many peak moments, it's def top 4 all-time arcs in the entirety of Naruto",analysis,
A Partial Analysis of Naruto Episode 46: Byakugan Battle - Hinata Grows Bold!,analysis,
A Short Analysis of Neji vs Hinata,analysis,
A short analysis of the Kakashi v Orochimaru scene,analysis,
"All known location in the Land of Fire All known City ,towns point of interest. 1.Konoha 2.The town nearby konoha where Jaraiya and akatsuki encounter each other 3.Random commercial city Jaraiya and Naruto stayed to practice his rasengan 4. Tanzaku quarter+ Tanzaku castle where the sannin fought. 5. The main Fire temple of the land of fire 6. The final Valley 7. Portion of the Land of Fire capital 8.Random Roadstation where Asuma died against Hidan",analysis,
"Anyone Else Feel Like Sasuke Is Kind of Annoying? I know this is an unpopular opinion, and Sasuke is the brother to the god known simply as Itachi, but I've always thought of Sasuke a nuisance, though definetly not to the extent of Sakura. I mean really, the dudes even more stuck up than Neji in part one, and it only gets worse in Shippuden. Now in Boruto, he just ignores his family, and the only time we see him interact with them in Boruto (at least in the beggining), he just pokes Sakura on the head and leaves. Oh and that's after he attacks his own daughter in the Shin Uchiha mini-arc. Seriously, how am I supposed to like this guy?",analysis,
"At what point did each of them individually surpass Hanzo? Even Jiraiya, upon his return to Amegakure, couldn't believe Pain, the leader of Akatsuki had defeated Hanzo all on his own. This leads us to believe he's not someone who can be easily outscaled by experience alone",analysis,
"Boruto and DBGT are about equally bad…😢 So sad…. I wonder if they will remake a Boruto-like show like they did with GT and Super 🙏 pleeaaase omg Maybe GT is worse because as least the Boruto manga is good…or so i hear. GT is just unbearably cringe the whole way through and makes zero sense. Its really a struggle to TRY to get through. Its very unfortunate that GT is all dragonball fans had for like 20 years. Boruto at least has some neat, interesting moments. GT is just a steaming pile of trash that doesn’t even make sense and untrue to the characters. Boruto is also trash unfortunately…but at least it makes sense at times.",analysis,
"Boruto isn’t a bad show. Sure it has unappealing animation style at times, the quality can be lacking, Sasuke is nerfed and the designs can be weird looking but I don’t think it’s bad like are saying. Like the show does have redeeming qualities like some of the family moments, some of the action is pretty good like Shin vs Sakura, Isshiki vs Naruto, Sasuke and Koji Kashin and some of the opening songs are pretty good. Overall, it’s not great nor bad in my opinion.",analysis,
DIE HARD NARUTO FAN HERE❗️Part of maturing is realizing Naruto was ALWAYS talented and never the underdog his story portrayed him to be 🤦🏽‍♂️😂. He was born to the hidden leafs most talented ninja ever and an Uzumaki woman. Naruto WAS NEVER going to be your average guy by any means Side note: Naruto and Sasuke were never that different. Sasuke just knew from the very beginning that HE HAD IT. Naruto just had to find out 💯,analysis,
"Did u ever wonder why The Senju brother never aged ,they look the same from hiruzen childhood to when he was a grown ass young adult ,the senju brother must be in their late or mid 40 at the end of the 1st great shinobi war (wannabe be leon kannedy)",analysis,
Do you think Rock Lee vs Gaara is more of a defining fight of part 1 than Naruto vs Sasuke? Last week I did a poll of favorite defining fight of part 1 and an interesting result is Rock Lee vs Gaara in first place and Naruto vs Sasuke in second place. I think both of these fights heavily define the series and in some way are very important moment that for how the series is shaped going forward. Which do you think is the more defining fight as a whole?,analysis,
Do y’all still believe the theory that Jashin is an Otsotsuki? So the reason this theory exist is because of what Hidan’s last words were and Jashin was maybe gonna make Hidan his vessel since every member of the Otsutsuki clan is always finding a vessel.the theory also goes into how Jashin has an ability where he can grant wishes and that’s why Hidan has immortality. This theory also gets juicy when you realize that Jashin might be the person who is the opposite of Shibai and when you translate what the word Jashin means in English it translates to “Evil God” so maybe Jashin might be the final villain of Boruto 🤷🏿‍♂️,analysis,
"Does Orochimaru have a fear/paralyze Kekkei Genkei? During the Chunnin exams, Orochimaru manages to paralyze both Sasuke and Kakashi (on separate ocasions) with what I can only think is a Dojutsu from his special “snake” eyes. He unfortunately never uses it again (maybe it was part of his nerf?), but I’d like to know your theories on it.",analysis,
"Even Naruto didn’t really see Sakura as that attractive I was rereading the manga, and oh my god—Sakura gets so many unnecessary comments about her appearance. It honestly deserves a whole study because she’s definitely not that ugly 💔💔 We all know the infamous moments—like when Honoka-maru, Sai, and even Ino call her ugly—but here’s another one that flew under the radar. During the Tree Climbing Training arc, Kakashi asks Sakura to give a theory lesson on chakra. She kicks it off by calling it “Beautiful young girl Sakura’s lesson on chakra.” And instead of focusing on the lesson, Naruto just gets stuck on that line, internally questioning if she’s actually beautiful 😂",analysis,
"Hiruzen is the best Hokage and one of my favourite Naruto characters He really grew up with the village, a genin when it began. He wasn’t perfect and made mistakes but he really cared for the village and all its inhabitants. He saw everyone grow up, from Jiraiya to Minato to Kakashi to Naruto. He won three wars and came back to win the fourth. He has the longest reign of all the Hokage and it’s not close. Only Ohnoki and the mysterious Third Mizukage rival his tenure as Kage.",analysis,
"How did Hashirama die? Hashirama was the strongest ninja of his age. His regeneration, life force and medical ninjutsu were unmatched. So how did he die? When he was reanimated, he looks to be 30-40, and looks the same as when he found the leaf village. It is not exactly known how long he served as Hokage, but speculation is between 5-10 years. So we know it wasn’t from old age, because he would come back old like Hiruzen did. I think it could have been a Chakra sickness. Usually those appear in Jinchuriki, but Hashirama had about the same amount of Chakra as war arc Kcm2 Naruto, the strongest Jinchuriki. What are your thoughts/theories?",analysis,
"How many of these would look like redheads to you? Despite what you may think, this is a serious question, since the fandom seems convinced that every single redhair character in the verse must obligatory be an Uzumaki, as if this extinct clan had the exclusivity on that coloration -\_-! https://preview.redd.it/14eucfnc6v8h1.png?width=1000&format=png&auto=webp&s=a643ef27ddfa3f2be14cfe4c80b574f7c20ffbba",analysis,
"I'm tired of the whole ""neji was right"" bs He wasn't. The whole thing with Asura reincarnations is hard work, being themselfs. Pure hearts. Naruto befriended Kurama because he respected him, the power wasn't given he earned it. Hagaromo gave him all that power because he knew Naruto would use it for good. Again, not given. Earned. Neji's whole thing is Destiny. Naruto forged his own destiny the whole way through. He simply had help along the way. Which is also the point of his whole character",analysis,
"If Naruto Got Killed By A Random Ninja, Do You Think Sasuke Will Postpone His Revenge On Konoha To Persue The Killer? If Naruto gets killed right after Sasuke formed Taka since Obito already told him the truth about Itachi, do you think he will postpone his revenge on the Konoha Village and will try to find and kill the man who killed Naruto? Or his ""love"" for Naruto at that time isn't that too special to abandon his current mission?",analysis,
"If Shino was the new Jinchuriki of the 7 Tails, how strong would he become? I had this theory for a while, and since Shino is one of my favorite characters, why not making a post about it? Relative to the Konoha 12 i believe he could surpass War Arc Rock Lee and become the 4th strongest Konoha 12 member, only behind Team 7. I have my doubts with Sakura, since she became stronger, being compared to Tsunade, the fifth Hokage, so idk. Naruto and Sasuke is not even a debate, their in a completely different level.",analysis,
"If you hate Sasuke but love Naruto, you probably didn’t understand Naruto Half of Naruto is about the contrast in how these two are treated. Naruto is hated for something beyond his control, fans give him sympathy. Sasuke loses his entire family, lives with grief, fights through setback after setback, fans call him a moody jerk. That hypocrisy is literally one of the show’s main points, if you missed that, you missed the show.",analysis,
Is Minato's Flying Thunder God Jutsu the fastest Space-Time Jutsu in the series in terms of movement? Isn't it also technically extremely powerful than other space-time justu as if you are able to leave a seal on another dimension or person that seal stays permanently and you can instantly teleport to that dimension easily? In theory I think this is the most powerful space-time jutsu in the series,analysis,
"Is it me or does Itachi in the Manga look way younger? # The anime adaptation kinda messed up in terms of how old he looks, in Naruto part 1 he looks more like an adult in his early 20s even though in the manga he looks more to be in his late teens. # Am I the only one or is it just nit picking?",analysis,
Is this Photographic memory? Could Sakura’s great analysis ability have been used more to flesh out her character in fights? Sasori finger movements are really small finger twitches sometimes he does exaggerated movements but many of them are very subtle. Also these puppets have complex movement and incredibly flexible joints I imagine any commands Sasori issues is not a simple 1 finger = 1 complex movement it’s mostly a series of twitches to do these jutsus and what not. I honestly think this is a crazy feat from Sakura.,analysis,
"It seems Konoha actually adopted or reverse engineered iwa flak jacket after the end of the first great shinobi war ,this Mu was already wearing a jonin flak jacket when madara was a leaf shinobi while tobirama escort team were still in traditonal heavy samurai armour",analysis,
"It's probably an unpopular opinion, but I think Ino and Shikamaru should have ended up together. I feel like they always had more chemistry between themselves than with Sai or Temari. Sai is practically a parachute character; the only moment between him and Ino is when he was going to call her ugly, but said the opposite, because whatever social reason. And Temari, she's amazing and cool, I really love her, but her interactions with Shikamaru always seemed very stiff to me, kind of like Tsunade's with Kakashi. And I feel like Kishimoto killed part of her personality, making her a derivative of Kushina, getting super angry over the smallest things",analysis,
Kakashi really had the most insane bodyguards as Hokage. I mean NO one could even treathen him. Or look at him in the wrong way. Dude could really sleep like a baby with the window open every night and leave the window open. What other Kage bodyguards are you a fan of?,analysis,
"Kakashi shouldn't have awakened MS. Obito gave Kakashi his Sharingan with 2 tomoe, and it should've stayed like that because Kakashi doesn't have the special chakra that causes the Sharingan to evolve. One could say that Obito evolved Kakashi's Sharingan because their eyesights were somehow linked, but then that creates another plot hole, which is: Why did Obito not take advantage of this shared eyesight throghout the series? Kakashi's MS is much more the ‘rule of cool’ than something logical.",analysis,
"KillerBee VS 6 Path Pain Who wins, and what diff? &#x200B; I usually put pain above, but re-reading KillerBee vs Sasuke, he dominates so clearly... what dyall think?",analysis,
Minato is the only one who figured out obito's power in minutes and Countered it without even getting a SINGLE HITT...!!!,analysis,
"My theory/headcanon of why Kakashi wears a mask I think the reason Kakashi uses his mask, even when he was a little kid, has to do with his nose. We know that he has a keen sense of smell so I think the purpose of the mask was to keep him from being overwhelmed by so many smells. Thank you for your time.",analysis,
"Naruto (+Team 7) and Sasuke early reunion in Shippuden in anime and games were in different environment For some reason, the games Ultimate Ninja 5 and Storm 2 have Sasuke and Naruto + Team 7's reunion inside Orochimaru's Lair, not outside. Not even the stage was blown. Ultimate Ninja 5 was adapted till Sasuke Reunion arc Ultimate Ninja Storm 2 was adapted till Killer B vs. Taka arc",analysis,
Naruto should’ve lost his fight against Neji Should Naruto have won against Neji in the chunin exams. I don’t know if using the nine tails power really is a contradiction of the whole overcoming destiny thing Neji was talking about since that power did turn him into a social outcast even though the power itself has been more of a benefit to Naruto in certain instances I don’t know I feel like the fight should’ve been something along the lines of you win the argument but lose the battle type of thing. Naruto wins by convincing Neji his philosophy is wrong but loses the battle,analysis,
"Naruto’s power scaling died the moment Madara casually fought five Kage at once. There’s no going back from that. Once your villains can solo armies and summon meteors, it’s hard to care about a kid learning Rasengan again. Power inflation made 90% of future fights feel like filler.",analysis,
"Ninjutsu absorption is one of the worst abilities ever introduced As kids we all got into Naruto because of the cool Ninjutsus like Rasengan,Chidori and Fireball Jutsu etc... It was okay in Shippuden because only a few Characters could do it and that too because of the Rinnegan Preta Path but even that was balanced because there was a limit to how much the wielder could absorb. But Boruto series took it to the extreme by making everyone be able to absorb Ninjutsu and there being no limit to how much they can absorb.",analysis,
"Orochimaru got let off way too easy I was rereading Naruto from the chunin exams and stopped when Naruto comes back after his training. And wow considering everything he did to Konoha, I don’t know how they thought it would be a good idea to keep him alive after the great ninja war. He was literally culling whole villages and just an overall demon. I guess it’s plot armor but damn that mfer is a menace. Kabuto is not exempt, as a loyalist to orochimaru he should’ve gotten murked too.",analysis,
Sakura is not useless Sakura's largest piece of criticism is that she is useless. This statement is an absolute lie to fuel the hatred for her character. I could make a list of things she has done to positively alter the story but I'll just list 3 instead. \- heals naruto after fighting orochimaru \- Kills Sasori \- Helped seal kaguya This is more than anyone in the konoha 12 aside from naruto & sasuke &#x200B; https://preview.redd.it/rrdsfhf9l4zb1.png?width=1000&format=png&auto=webp&s=65bf29cffd79abd1086134022e51a08e5cadda59,analysis,
"So you're telling me this thing was basically behind the whole plot of Naruto? he manipulated madara, who manipulated obito, who manipulated nagato. nagato destroyed konoha because he was manipulated by obito, obito attacked konoha with the nine tails and started the fgnw because he was manipulated by madara, madara put the eye of the moon plan into action and started the infinite tsukuyomi because he was manipulated by that black slug of slime. all because he wanted his mommy back??? biiiiitttchhhh pleaaasee. and he was casually living his life in the akatsuki attached to white zetsu whilst slowly causing destruction without anyone knowing? what a cheeky bastard",analysis,
"So... if Sasuke's eye isn't a rinne sharingan, why do the games keep insisting it is? Like, clearly the rinnegan Sasuke has is not the same as the rinne sharingan that Madara and Kaguya possess. They seem to be two different things, but the games (Naruto Storm) insist they're the same. &#x200B; Also, Sasuke's rinnegan has the sharingan tomoe, unlike any other characters with the rinnegan. But it's still just called a ""rinnegan"". I find that to be weird. Unless the tomoe is just a weird quirk of awakening rinnegan via being given six paths chakra from Hagoromo. Which would explain why Madara's rinnegan didn't have tomoe.",analysis,
Teenage So6p Form is more stronger than Adult Form of So6p Imo. Teenage So6p mode was fueled by HAGOROMO'S CHAKRA and this form had TSO & Sun seal. Naruto could fly too. This form is more potent than the SO6P mode he uses in Boruto because after the battle at Final Valley.. he used up all the HAGOROMO'S CHAKRA used for So6p along with TSO & Sun seal was returned to Hagoromo. After getting full Kurama & other tail beasts chakra. Naruto used that to attain SO6P.... Even though he attained it... It's just a pseudo version of the Teenage So6p Form. What y'all think? Lemme know. I wanna know your thoughts. I'm comparing both forms .. not Naruto.,analysis,
"The Naruto Timeline is way closer than we realize Something I realized after seeing this image is that the entire Warring States Period and both Hashirama and Madara's era wasn't that long ago. Tsunade is around 50-55 during the main series, assuming she's 3-5 years in this image, that means that the Warring States era was 60-70 years ago depending on Hashirama's age. Hashirama looks around 30-40 here, meaning a whole lot happens in 80-90 years. I don't know why, but in my head it feels like Hashirama lived a long time ago, but it really wasn't. I kind of always knew this, but this image of little Tsunade made me realize that it was more recent",analysis,
"Theory: All Sannin are Imperfect Sages We all know it. Orochimaru is associated with Snakes and Ryuchi Cave. Jiraiya is associated with Toads and Mt. Myoboku. They both tried to Master and Perfect Sade mode. They both failed. Shukkotsu Forest is the only Sage place not explored in Naruto/Boruto. But since Tsunade can summon slugs. Most notably, Katsuyu. We can theorized she at least visited the forest. I I guess Tsunade Failed too. Failed to master Slug Sage mode. In other words, All Sannin Failed to be Perfect Sage like Naruto, Kabuto, or Hashirama.",analysis,
This is how a fight between Minato and Tobirama ends. Hokage Minato was struggling against 14 years old Obito. Tobirama is was tagging unstable Juubito. This fight is not that close.,analysis,
"This is in my opinion hands down the most impressive feat of the entire show when Killer Bee uses his eight-sword style. The way he’s able to hold swords in his hands, elbows, knees, and even his neck while juggling them makes his attacks unpredictable and almost impossible to read.",analysis,
"UNPOPULAR OPINION :war arc is the most underrated arc in naruto and gets thrashed only because of its ending.this arc gave us madara v 5kage and shinobi alliance,minato naruto fighting side by side,obito v kakashi,guy v madara,sasuke and itachi's tear jerking reunion and so much more",analysis,
"Unpopular Opinion: Blame Toad Sage Jiraiya too. You’re problably asking: Blame him for what? He’s awesome, why should we blame him? Well he deserves absolute blame for how Naruto grew up in the Leaf Village. Blame others too, like Hiruzen and the others who didn’t tell he was the Minato and Kushina’s son. But blame the Toad Sage too. When the parents die, the next legal guardian is the godparent, which was him. And he knew his former student/Hokage and his Jinchiurikki wife were dead and their son was an orphan. Yet, he was gone for 12 YEARS.",analysis,
Unpopular Opinion: Boruto's pacing is a lot better than Naruto's was. Primarily the flashback and self reflection scenes they aren't 10 minutes long at different angles had by one character then another and another. Boruto has em short sweet and to the point. The fights are short and fit into an episode and I like that. Why do we need a fight to last 3 episodes all the while the first thing mentioned is going on every single episode. Just introduce the characters episode 1 give them back story episode 2 and episode 3 is the fight done deal. If one doesn't want to sit through all that they are free to skip the episode and continue where they want.,analysis,
"Unpopular Opinion: Full power HEBI Sasuke beats BASE Jiraiya(no Sage Mode). I might get scoffed a lot for this but I truly believe Hebi Sasuke with Orochimaru absorbed and the second Stage of the Curse Mark would beat BASE Jiraiya. He can counter all of Jiraiya’s Jutsus, is a better strategist and worst of all could take control of Jiraiya’s Summons via Sharingan Genjutsu like he did with Manda and turn them against J-Man. The only thing that would be problematic for him would be the Toad stomach trap. But he could also escape that one via Reverse Summoning.",analysis,
"Unpopular Opinion: I hate Madara I think his power level makes all the fights he takes part in boring and in addition to being very powerful he is basically capable of nullifying other characters' techniques through the Rinnegan and even if he is hit he regenerates at no real cost because the chakra is infinite. Orochimaru, for example, was an extremely powerful character, but he still had problems facing Itachi, Hiruzen, Tsunade and Jiraiya. His story doesn't captivate me at all because it's basically the same story as Naruto x Sasuke or Nagato.",analysis,
"Unpopular Opinion: Might Gai should have died in the War instead of Neji !! The entire points or 8 gates was that the user was supposed to die and the war needed some sacrifice I feel Neji's death feels so pointless , Might Gai's story ended with his final fight with Madara he does literally nothing in Boruto whereas Neji had no story in Shippuden his death was pointless and ruined one of the best characters in Naruto",analysis,
"Unpopular Opinion: One of Jiraiya’s biggest feats (if not his biggest) was realizing five random people were being controlled by Nagato. A massively underhyped moment Like literally, Jiraiya remembers in very fine detail five super random, essentially meaningless encounters with random individuals, and then recognizes them as the bodies Nagato uses for the Pains. On a side note, he also remembers the first word of every page in one of his books, and recalled them to convey his final message to Naruto. Another remarkable memory feat Jiraiya may not be the strongest sannin, but he was undoubtedly the one with the most potential by a large margin.",analysis,
Unpopular Opinion: Sakura fighting the Sound ninja and cutting her hair (which y'all love to troll her for) are one of the BEST moments of her character as it symbolizes her growth as a shinobi and person. Her cutting her hair symbolizes her cutting off her obsession for Sasuke at that moment. https://preview.redd.it/aczn6292zz6e1.png?width=1000&format=png&auto=webp&s=22b2e622dc41a9cceb7c0110ea7aa37e95db6243,analysis,
"Unpopular opinion but Evil Gaara was more interesting than good boy Gaara Gaara was the dark mirror of Naruto. Fully embracing his jinchuriken curse unlike Naruto. That was cool and made us realize how close Naruto is to the dark side. For the little time evil Gaara was there, he was more iconic than whatever good boy Gaara did. Rock Lee vs Gaara to this day is still one of the greatest anime fights and Good guy Gaara has nothing on that. I think another shaded character like evil Gaara would have even things out in Shippuden aka NarutoxSasuke story.",analysis,
Unpopular opinion sasuke should’ve rightfully earned his victory against itachi I lowkey hate the fact that itachi has to be heavily nerfed with sickness and holding back it takes away from sasuke training his ass to defeat him he should’ve died against kirin let the downvotes begin,analysis,
Unpopular opinion: I think Gaara was nerfed after his fight with Kimimaro. How come he didn't bury his enemies under his sand like he did in that fight?,analysis,
"Unpopular opinion: I'll never get the Obito glaze. This simp killed the woman who treated him like her own child, her husband who as well treated him the best, his actions triggered a chain effect which lead to Uchiha massacre, not to mention this guy also wiped out Uchiha police, his own kin. And all it takes is him to stand in a rain and people start making sad edits of him, ""a broken hero"".",analysis,
"Unpopular opinion: Itachi and Obito are evil and irredeemable. Sure they have their “cool” moments, but their sins heavily outweigh those moments imo. Never really understood how someone could like them knowing that one caused a genocide and later became a terrorist while the other instigated a war which resulted in tens of thousands of deaths. Tbh they are basically irredeemable ( yes I have watched all of shippuden), despite their attempts at fixing mistakes. Even if they were manipulated/ forced into doing said sins.",analysis,
Unpopular opinion: Jiraiya should have taught Naruto AT LEAST the INCOMPLETE Sage Mode during the Tikeskip. It would have made more sense for him to have trained on Mount Myoboku for safety and to learn something that would allow him to better confront the Akatsuki.,analysis,
"Unpopular opinion: Rock Lee is everything people think Deku is. He’s someone who’s objectively inferior to all the ninjas due to him not being able to do Ninjitsu but instead of begging for Ninjitsu like Deku begged All Might for a quirk, he decided to focus on mastering other techniques.",analysis,
"Unpopular opinion: Tobi was much cooler as madara than madara was, especially since the real madara is more quirky and actually enjoys a good battle, while tobi was playing a character he saw as perfectly evil, making him cold and calculating.",analysis,
Was Kakashi kage level here? He was holding his own against 2 Akatsuki members at the same time.,analysis,
What happens if Tsunade stays asleep a few days more and Kakashi is sworn in as Sixth. Both of them don't really want the job and would probably both try to back down in favor of the other. If it's Kakashi with the 5 kage they're fucked vs Madara. Also what if it happened sooner and the village chose Kakashi over Donzo. How smooth is the 5 Kage summit.,analysis,
"What was this guy’s deal? >bro bagged a 12/10 alien goddess. >his rival was encroaching on his lands >his rival was amassing soldiers on his borders >his rival tried to kidnap his wife >he turned on his wife and tried to kill her at his rival’s behest because she killed HIS OPPS IN SELF DEFENCE He discovered that his alien wife can turn people into mush with her eyes and instead of integrating her within his army, crush his rival and conquer further territories he decided to kill her and then fight in the inevitable war with the rival and get conquered. What an imbecile.",analysis,
"Which characters do the fans love to overrate when it comes to battle IQ? People won't love to hear it,but for me it's Naruto. The show has made it very clear what kind of fighter he is: ""He is the number 1 unpredictable Ninja."" He can be super dumb and rush into things which causes others to bail him out and in the next moment he is able to be super creative and comes up with the saving solution. This inconsistent behavior shows how unpredictable he is, but doesn't make him this top tier battle genius some people claim him to be. Which characters would you add to this thread? Whose battle IQ is overrated? (I'm talking about the fans pov. They often have their own head canon.) 😁",analysis,
"Who was actually the weakest link on the Sasuke retrieval team? Shikamaru tells the squad that Choji struggles with self doubt and probably thinks he’s the weakest link here. Kiba‘s like yea well that’s cause he is, right? And Shikamaru smirks and disagrees saying no you don’t know what he’s capable of. So if it’s not Choji, who actually is it?",analysis,
Why did Kakashi develop Shiden after losing his Sharingan when he could’ve just started using Rasengan full time?,analysis,
Why didn't Kabuto use his magic cards that allowed him to know everything about anyone and thus discover that Itachi had the Izanami? .,analysis,
Why didn’t Nagato and Konan appear to help Naruto form his rasengan despite Naruto being able to successfully Talk no Jutsu them? Nagato undid all the deaths he caused. Konan even gave Naruto paper flowers saying she would believe in him. Obito was a former villain and he appeared.,analysis,
Anyone else hated that nagatos rinnegan was actually Madaras it made the world seem so small.,hot_take,
"Anyone else root against Hiruzen on rewatch? I was sad Hiruzen died when I first watched but after watching shippuden, I hate Hiruzen.",hot_take,
Are people kidding or they are serious? Ain't no way Minato is beating Madara,hot_take,
Being Hokage is all about People Management,hot_take,
"CRAZY THEORY: Chakra disappears from the Ninja World until one day in the distant future, when it returns in the form of miniature Chakra Beasts that bring people together. They eventually become known as Pokemon!",hot_take,
Can we finally admit these 4 were better friends to naruto than sasuke ever was Rock lee as well,hot_take,
"Do Naruto fans even read the manga? I'm seeing people make shit up and then get angry at the shit they've made. ""I hate how the Rinnegan is a Sharingan evolution"" like no it isn't dude, you just MADE that UP💀💀 Like gaddamn, but i lowkey find it funny how a lot of the criticisms aren't even real💀 and it's just shit they've made up and got angry over. Like dude, if your theories are that ass then don't make them.",hot_take,
Do people still hate the Otsutsukis? They all honestly have cool designs and rich lore. If you dislike them why?,hot_take,
"Hinata glaze… Listen, i like Hinata, she is really kind and a good person, but what THE FUCK, which type of achievement is this? ✌️😭",hot_take,
Hot take: 8th Gate Guy can't win any fight This isn't bait. Guy can at most get a draw since he will die too,hot_take,
Hot take: Boruto's timeskip design is one of the best designs in the entire Naruto/Boruto franchise I know some of y'all don't like Boruto but this design is really good,hot_take,
"How I think the Naruto teams should’ve been This isnt based on writing or anything I just think they might have developed a little better if these were the teams, depends tho as Sasuke without competition wouldn’t be as strong",hot_take,
How come Kakashi didn't develop a trauma for life from this? His mind should have been completely broken,hot_take,
How much more chakra do Madara and Hashirama have compared to the average shinobi? My theory is that if the average shinobi had a chakra amount in the hundreds of thousands there’s would easily be in the millions.,hot_take,
How the Chūnin Exams should’ve played out if plot armour didn’t exist 💀,hot_take,
I couldn’t imagine anyone else voicing dubbed Naruto but her 🥺,hot_take,
I have a theory that Hashirama specifically developed Bringer of Darkness to counter Uchiha.,hot_take,
I honestly agree that Shikamaru was more of a best friend to Naruto than Saskue was. Obviously that is my opinion.,hot_take,
I never realized how the manga was better than the anime until I read it Kishimoto's art is amazing in manga,hot_take,
I think the only reason Kishimoto took away Sasuke's Curse Mark is because he was afraid he'll be stronger than Naruto,hot_take,
I think we can all agree this is the coolest symbol in anime (The Uchiha clan crest) No other anime comes close,hot_take,
"I'm the only one who misses Sasuke old hair style? This might be an unpopular opinion, but I dislike Sasuke's design in the Boruto anime. His hair style doesn't suit him, it reminds me too much of Utakata. The writers should have just kept his original hair style",hot_take,
Idk if this is an unpopular opinion but they should've scrapped The Last movie,hot_take,
"In theory, wouldn’t a Uchiha be the perfect jinchuriki? I understand, ultimately, Hashirama gave it to who he wanted to. However, aren’t the Uchiha the ones that can actually control it? From a military perspective, wouldn’t it make more sense to leave Kurama with them?",hot_take,
It’s pretty much confirmed that MS Sasuke>SM Naruto,hot_take,
"Jiraiya is the strongest Sannin and it's not even close The only reason why people think otherwise is becouse they use absolutely meaningless ""feats"" and ignore the ones that actually matter.",hot_take,
"Like many other manga series, pre-time skip Naruto had an attitude that just got lost in the transition to Shippuden",hot_take,
Look. I like Jiraya like everybody else but he was a terrible teacher.,hot_take,
"May be an unpopular opinion, but part 1 Sakura during the chunin exams who had almost zero fighting experience or abilities fought better than current Sasuke versus Urashiki (so far at least)",hot_take,
Naruto's worst villain. Always has some bs plot device or contrived ability to escape defeat. Turned naruto in dbz,hot_take,
OG NARUTO AND NARUTO SHIPPUDEN OST Guys i always felt like og narutos ost is lowkey better then shippuden ost. My personal favorite is sasuke destiny jdk what do you guys think?,hot_take,
Obito has one of the coolest abilities in the show,hot_take,
Obito vs Kakashi is the best fight in naruto. Change my mind if im wrong,hot_take,
Objective fact: Teen So6p Sasuke is stronger than his adult version Quit making excuses Sasuke as an Adult is weak compare to his Teen version. It's facts 10/10 you can't deny it. Hell Sasuke as an Adult runs out of chakra lol what makes you think he's stronger? nothing,hot_take,
"Possibly unpopular opinion, but Hiashi Huyga did not deserve to live a “good” life with his daughters and grandkids after everything the Main Branch (and him) did",hot_take,
Remembering the good old days when naruto was about ninjas and not about aliens and cyborgs,hot_take,
Say what u want but atleast the two elder were ready to throw hand and fight threats against konoha unlike danzo ass,hot_take,
Some of the stuff people hate in Boruto were stuff people never complained or whined about in Naruto. Is it nostagla blind? Double Standards? Hypocrisy? Bad faith criticism? Maybelline? All?,hot_take,
Tenten should’ve done this in the war Kishimoto fumbled her character,hot_take,
That moment Sasuke put Kakashi in his place was pure greatness. The man is 100% alpha.,hot_take,
Theory: Kidomaru's strongest arrow was modeled after Kimimaro's bone joust after Kimimaro stomped the Sound 4,hot_take,
"Theory: Sasori was the actual leader of the Akatsuki I mean, they called Pein the leader but we all know Sasori was pulling the strings",hot_take,
These had potential to be better then storm series,hot_take,
This era of anime is unmatched,hot_take,
This is one of the few head cannons that I wish happened. Would've added to the depth of the relationship of team seven,hot_take,
This was peak Naruto Illustration Boruto could never.,hot_take,
"This was, arguably, the best way to introduce a villain",hot_take,
Unpopular Opinion(?): Mei should have fought Danzō or Kisame,hot_take,
"Unpopular Opinion, but it’s True: Obito masquerading as Madara was a better villain than the actual Madara.",hot_take,
"Unpopular Opinion: Had they made guy, “cooler” he would be most people’s fav. If you think about it, he was the most skilled one out of all of the ninja’s because of his taijutsu. Had they gave him some sort of ability with his work ethic im not sure he could be beat.",hot_take,
"Unpopular Opinion: I really hate how some people hate these two (or ""can't take them seriously"") solely on the fact they wear glasses. You're free to disagree or question them as written characters (I like them), but them wearing glasses being one of them feels...ehh",hot_take,
Unpopular Opinion: I think it would be cool if each of the jinchuriki had their own unique forms that reflect their tailed beast like with Gaara.,hot_take,
Unpopular Opinion: I'm glad Guy lived. Am I the only one who thinks this?,hot_take,
Unpopular Opinion: Lady Tsunade was the best Hokage. Opinions?,hot_take,
"Unpopular Opinion: Sasuke is a strong independent man who doesn't need a woman. What's your unpopular opinion of the series? He would be way cooler without any woman, he's never been interested in romance to begin with. ""But he want to rebuild the clan"" Unless you're joking/memeing, he's obviously talking about restoring the Clan's honor, reputation and stuff lime that, not about making children like a factory.",hot_take,
"Unpopular Opinion: This Naruto form is more menacing than his final forms. Yeah, the junchuuriki forms are just different in the feels. They are way more intimidating and the literal ""aura"" is there. They may be weaker than ""baryon"" and SO6P mode but these forms just give the viewers a different feel. Kinda wish Naruto can take on these forms at will as well.",hot_take,
"Unpopular opinion - Ino Yamanaka is one of the greatest female characters in Naruto, and has the best development out of the girls throughout the show.",hot_take,
Unpopular opinion - this version of adult Naruto is not better than the current one,hot_take,
Unpopular opinion : Fugaku has the most beautiful mangekyou sharingan,hot_take,
Unpopular opinion : Naruto Vs Pain is the best goddamn fight in the whole series!,hot_take,
Unpopular opinion I love that Naruto is a genin I love that Naruto is the only genin to become a kage it sounds cool as hell honestly he didn’t need to become a chunin or jonin in all honesty it makes him seem like an underdog,hot_take,
Unpopular opinion but I’m kinda sad Naruto dropped his catchphrase Ik he did a lot of growing up in between og naruto and shippuden but I think he should’ve kept his catchphrase it’s kinda catchy imo,hot_take,
Unpopular opinion but Neji was definitely the prettiest Hyuga,hot_take,
"Unpopular opinion but i honestly think Naruto's adult hair style and character design suits his character, shows how mature he's become as Hokage",hot_take,
"Unpopular opinion but it has to be said since ppl never want to give Kishimoto his credit, but when it comes to side characters, he truly is one of the best Watching this for the first time and I was just like bro how is CHOJI bringing me to tears????",hot_take,
"Unpopular opinion but, Tsunade's medical skills and jutsu is the reason why she has saved more lives than any of the other Kage combined.",hot_take,
"Unpopular opinion, I'm for the infinite Tsukuyomi Honestly, this life is entirely shit, and to live in a perfect world where everything goes that way you've always dreamed? A perfect world tailored to each individual's wants and desires sounds ideal to me, and frankly, far better than anything that could reasonably be achieved otherwise",hot_take,
"Unpopular opinion, but this is my fav taijutsu fight ever. Drunken fist was so cool 😎 the animation and fight was just unique",hot_take,
"Unpopular opinion. Dubbed naruto shippuden is not weird but dubbed boruto is bad. Everybody always hates dubbed naruto but I think up until naruto shippuden, the dubbed version is actually fire and the voices fit the characters very well imo. But I tried watching boruto for like 1 episode of dubbed and the voices don't fit the characters and it jus sounds bad.",hot_take,
Unpopular opinion: Fights in Naruto were way better when they looked like this,hot_take,
(Shippuden) What were your theories on who this character was before the reveal of their identity?,reaction,
"8 tails vs 8 tails, band for band who we got? Both have withstood a planetary devastation [technically]",reaction,
A random person yelled at me for wearing a “nationalist” symbol on my hat. The hat in question 🫠 lol.,reaction,
Akatsuki Bankrupt & Leaf Tarrifs Hood Epics Reacts,reaction,
All these clans fighting while one sandal company runs the entire Naruto economy,reaction,
Always thought Hinata would suit being in the anbu so I drew it,reaction,
Anyone else miss the old days where we didn't know who Tobi was and people made up the craziest theories?,reaction,
Back when Naruto characters had to read the whole bible to make one jutsu lol,reaction,
"Been reminiscing about how incredible it was to read Naruto as the series was still coming out. Gaara becoming Kazekage during the time skip was the best reveal. It was drastic and unexpected. The page flip was done so well. The storytelling in that arc was designed with a care that could only come during a production hiatus. In my opinion, no other reveal felt this good. And gosh the fan theories back then were so fun. I remember people used to think the leader of Akatsuki was the Fourth Hokage based on the silhouette of his hair.",reaction,
Before Rock Lee vs Gaara this was the fight that hooked me to Naruto,reaction,
Best Naruto art I've ever seen in my life,reaction,
Best video I watched today. Absolute cinema.,reaction,
Best written character in whole of Naruto,reaction,
Best... Theory... EVER!!!,reaction,
Biju in front of the Moon looks like Obito with the first mask,reaction,
Boruto Chapter 1 - Link and Discussion #####Boruto Chapter 1 #####^^Uzumaki ^^Boruto!! Sources * [MangaStream](http://readms.com/r/boruto/001/3387/1) - ONLINE ------------------------------- Previous discussion * [Naruto Side Story ~The Path That the Waxing Moon Illuminates] (https://www.reddit.com/r/Naruto/comments/4fulww/naruto_side_story_the_path_that_the_waxing_moon/) ------------------------- ####Please discuss the manga here and in the theory/discussion post. Any other post will be removed during the next 24 hours. /r/Naruto [Slack](https://www.reddit.com/r/Naruto/comments/34pjz3/introducing_the_rnaruto_slack/) PSA: Boruto will be monthly,reaction,
Boruto Oneshot #####Boruto Oneshot #### Sources * [MangaStream](http://readms.com/r/naruto/Special%20Chapter/2881/1) - ONLINE * [MangaPanda](http://www.mangapanda.com/boruto-oneshot/1) - ONLINE ------------------------------- Previous discussion [700+10 - What Appears In Those Eyes](https://www.reddit.com/r/Naruto/comments/3bu8dk/naruto_gaiden_700_10_links_and_discussion/) ------------------------- ####Please discuss the manga here and in the theory/discussion post. Any other post will be removed during the next 24 hours. /r/Naruto [Slack](https://www.reddit.com/r/Naruto/comments/34pjz3/introducing_the_rnaruto_slack/),reaction,
Boruto's Naruto if they followed Kishimoto's original design more accurately,reaction,
Boruto's Sakura redrawn in Kishimoto's style I saw someone reposted my [shikamaru edit](https://www.reddit.com/r/Boruto/comments/13rrk0e/borutos_shikamaru_if_hes_drawn_by_naruto_part_1s/) today and decided to do this. Oh incase you've seen this edit of [naruto ](https://www.reddit.com/r/Naruto/comments/17d23a3/borutos_naruto_if_they_followed_kishimotos/)that's been reposted all over yours truly made that too.,reaction,
Boruto: Two Blue Vortex chapter 35 - Link & Discussion,reaction,
Can someone find the artist,reaction,
"Chapter 665: Links and Discussion #####Naruto 665 #####*^^Who ^^i ^^am ^^now* **Sources** * [MangaStream](http://readms.com/r/naruto/665/2258/1) - **ONLINE** * [MangaPanda](http://www.mangapanda.com/naruto/665/0) - **ONLINE** ---- **Previous discussion** * [664 - I'm His Father, After All](http://www.reddit.com/r/Naruto/comments/1xopb8/chapter_664_links_and_discussion/) **More discussion** * [Naruto Chapter 665 Theories and Predictions](http://redd.it/1ycmxs) ---- ####^^please ^^avoid ^^making ^^separate ^^posts",reaction,
Chapter 666: Links and Discussion #####Naruto 666 #####*^^Two ^^Mangekyou* **Sources** * [MangaStream](http://readms.com/r/naruto/666/2268/1?t=1&f=0&e=0) - **ONLINE** * [MangaPanda](http://www.mangapanda.com/naruto/666/1) - **ONLINE** ---- **Previous discussion** * [665 - Who i am now](http://www.reddit.com/r/Naruto/comments/1yblqh/chapter_665_links_and_discussion/) **More discussion** * [Chapter 666 Theories and Predictions](http://redd.it/1z0ebp) ---- ####^^please ^^avoid ^^making ^^separate ^^posts,reaction,
Chapter 667: Links and Discussion #####Naruto 667 #####^^The ^^End ^^Of ^^Youthful ^^Days **Sources** * [MangaStream](http://readms.com/r/naruto/667/2278/1?t=1&f=0&e=0) - **ONLINE** * [MangaPanda](http://www.mangapanda.com/naruto/667/1) - **ONLINE** ---- **Previous discussion** * [666 - Two Mangekyou](http://redd.it/1yz09o) **More discussion** * [Chapter 667 Theories and Predictions](http://www.reddit.com/r/Naruto/comments/1zn15i/chapter_667_theories_and_predictions/) ---- ####^^please ^^avoid ^^making ^^separate ^^posts,reaction,
"Come on now, we all know what the real biggest flex was in Naruto.",reaction,
Could Gaara use his sand to fly?,reaction,
Crafted this swirly leather mask inspired by Obito,reaction,
"Cunade i Dzeraja Možda je već bila tema ali me zanima šta mislite o odnosu Cunade i Dzeraje, da li su njihova osećanja bila samo prijateljska ili je tu bilo i nečeg više?",reaction,
Cursed theories I'm new here and I wanna know what is the most cursed Naruto theory you've heard of?,reaction,
Deidara AU by @dong2taku [source in the body text] [Source](https://x.com/dong2taku/status/1802347451703251409?s=46&t=no4ESoW0shiJ5F75_QwquQ),reaction,
"Did Naruto beat Pain because of plot? (Side note: Idc if it was or wasn't, I loved the fight still. I was just asking because of what I seen some say)",reaction,
"Did people already know for certain Tobi/Madara was Obito before the reveal? What were the theories? I read the manga weekly when it was still on, but i didn’t participate in any community",reaction,
Did they really send Sasuke back to school THE DAY AFTER HIS CLAN WAS WIPED OUT!?,reaction,
Do ninjas create new abilities by like... spamming random hand signs till something happens?,reaction,
"Do people actually like Jiraiya? Jiraiya as a characters seems super driven towards men, do most people, especially women, even like Jiraiya?",reaction,
Do you guys consider pain arc as one of the greatest arcs of all time?,reaction,
Do you guys think Sasusaku were the first couple in Naruto?,reaction,
Does everyone understands?,reaction,
DragonBall creator Akira Toriyama has PASSED AWAY https://twitter.com/DB_official_en/status/1765935471971213816/photo/1,reaction,
Draw Hiruzen as the ten tails Jinjuriki,reaction,
"Even thought he is also an alien,He is percieved better and fits in the narrative while otsotsuki seem like filler,i wonder why",reaction,
Every day I find new reason to get disappointed,reaction,
FIFA x Naruto 🗣️Goaaaaaalllllllll ⚽️🎌,reaction,
"From being young and ugly to the most attractive adult Leaf kunoichi. Happy Birthday, Sakura Haruno! (March 28)",reaction,
Gaara pov when Rock Lee dropped his weights.,reaction,
"Gave me goosebumps. But it's not a perfect world. 😅 Saw this on facebook and not sure if it's already posted here since I'm a new member. But damn gave me goosebumps. Like the title says if this happened then there wouldn't be a ""Naruto"" story though hahaha. Maybe some fanfic multiverse stuff. Lol. But damn no village could've stood against this.",reaction,
Give me a Naruto character and I'll give you an unpopular opinion concerning that character,reaction,
Give me your most disturbing theories about this naruto series.,reaction,
Good Lord I thought ninja were constantly active? HOW IS SHE SO FAT!?,reaction,
"Hands Down the Best Killer Bee Cosplay I’ve Ever Seen! 🐝🐝🐝 X: @TheeArtofPower,",reaction,
Happy Birthday to me!!!! 😀🧡🎂🎈🎁🎉 Yes I'm 31 BELIEVE IT or not 😂😂 had a Naruto theme party cuz you're never too old for Naruto 😀,reaction,
Happy trans awareness day to our favorite nonbinary single parent of 2!,reaction,
He LoOkS So UgLY. BoRUto SuCks DoG ShIT.,reaction,
"He looks like he smells like weed — I’m into that. Darui, for me, is one of the most beautiful and attractive characters in the series.",reaction,
He wasn't the fastest shinobi alive for nothing ;),reaction,
Here's a drawing of the Pervy sage Jiraiya... Unpopular opinion but he's my favourite character form the series... We don't see much of Jiraiya drawings so hope you guys like it...,reaction,
Hinata gives Naruto a healing potion when Kiba is in the back on a stretcher lmao,reaction,
"Hiruzen Protecting Naruto 👀 (Art by me inspired by a scene in the anime ""Monthly girls' nozaki-kun"")",reaction,
How did Hashirama die? He died during the first great ninja war but it was never stated how he died there are many theories on it and the biggest one is old age but is it possible he got defeated by a foe?,reaction,
"How would you feel if Netflix announced a live action Naruto series? They did a pretty good job with one piece, however the last airbender was meh 😐",reaction,
I cant find an excuse to share this image so here goes nothing The artist name is on the image.,reaction,
I drew Kakashi in my style,reaction,
"I feel so bad for him,to write a beatiful piece of story telling just so that most of the fanbase to not understand it Imagine taking years and years to write a story,and then people come along and dont even understand the basic theme plots ""Hard work beats talent""",reaction,
I found it low key humorous that Pain decided to just watch Hinata slowly crawl to Naruto for like 10 minutes Homie was so baffled and dumbfounded that he decided to humor her,reaction,
I just noticed Sarada’s outfit perfectly paints that she grew up without a father lol,reaction,
I love how Ikemoto draws Kawaki I wonder how he would look in Kishimotos art style,reaction,
I made series if leaf art based on Naruto characters. Hope you will love it.,reaction,
I need the people’s opinion,reaction,
I think about this a lot.,reaction,
I tried cosplaying hinata hehe,reaction,
